{
  "total_images": 27,
  "total_detections": 105,
  "avg_inference_time": 9.891510814702121,
  "classes": {
    "SolderSlopeDefect": {
      "precision": 0.8735632183908046,
      "recall": 0.8837209302325582,
      "f1_score": 0.8786127167630059,
      "ap": 0.8719786171528088,
      "true_positives": 76,
      "false_positives": 11,
      "false_negatives": 10,
      "total_predictions": 87,
      "total_ground_truths": 86
    },
    "SolderBridgingDefect": {
      "precision": 0.7222222222222222,
      "recall": 0.7222222222222222,
      "f1_score": 0.7222222222222222,
      "ap": 0.6949121865788533,
      "true_positives": 13,
      "false_positives": 5,
      "false_negatives": 5,
      "total_predictions": 18,
      "total_ground_truths": 18
    }
  },
  "mAP": 0.783445401865831
}